-- MySQL dump 10.16  Distrib 10.1.18-MariaDB, for debian-linux-gnu (x86_64)
--
-- Host: localhost    Database: u7777_calc
-- ------------------------------------------------------
-- Server version	10.1.18-MariaDB-1~jessie

/*!40101 SET @OLD_CHARACTER_SET_CLIENT=@@CHARACTER_SET_CLIENT */;
/*!40101 SET @OLD_CHARACTER_SET_RESULTS=@@CHARACTER_SET_RESULTS */;
/*!40101 SET @OLD_COLLATION_CONNECTION=@@COLLATION_CONNECTION */;
/*!40101 SET NAMES utf8 */;
/*!40103 SET @OLD_TIME_ZONE=@@TIME_ZONE */;
/*!40103 SET TIME_ZONE='+00:00' */;
/*!40014 SET @OLD_UNIQUE_CHECKS=@@UNIQUE_CHECKS, UNIQUE_CHECKS=0 */;
/*!40014 SET @OLD_FOREIGN_KEY_CHECKS=@@FOREIGN_KEY_CHECKS, FOREIGN_KEY_CHECKS=0 */;
/*!40101 SET @OLD_SQL_MODE=@@SQL_MODE, SQL_MODE='NO_AUTO_VALUE_ON_ZERO' */;
/*!40111 SET @OLD_SQL_NOTES=@@SQL_NOTES, SQL_NOTES=0 */;

--
-- Table structure for table `accommodation`
--

DROP TABLE IF EXISTS `accommodation`;
/*!40101 SET @saved_cs_client     = @@character_set_client */;
/*!40101 SET character_set_client = utf8 */;
CREATE TABLE `accommodation` (
  `id` int(11) NOT NULL AUTO_INCREMENT,
  `name` varchar(255) CHARACTER SET utf8 COLLATE utf8_unicode_ci NOT NULL,
  `idCity` int(11) NOT NULL,
  PRIMARY KEY (`id`)
) ENGINE=MyISAM AUTO_INCREMENT=105 DEFAULT CHARSET=latin1;
/*!40101 SET character_set_client = @saved_cs_client */;

--
-- Dumping data for table `accommodation`
--

LOCK TABLES `accommodation` WRITE;
/*!40000 ALTER TABLE `accommodation` DISABLE KEYS */;
INSERT INTO `accommodation` VALUES (9,'Принимающая семья - 1 местная комната пансион',1),(4,'Студенческая одноместная комната',1),(5,'Студенческая двухместная комната',1),(71,'Студенческая одноместная комната',45),(72,'Студенческая двухместная комната',45),(8,'Принимающая семья - 2 местная комната пансион',1),(10,'Студенческая одноместная комната',2),(11,'Студенческая двухместная комната',2),(92,'Студенческая одноместная комната',39),(13,'Принимающая семья - 1 местная комната пансион',2),(14,'Принимающая семья - 2 местная комната пансион',2),(91,'Студенческая двухместная комната',39),(16,'Студенческая одноместная комната',3),(17,'Студенческая двухместная комната',3),(73,'Студенческая двухместная комната',46),(19,'Принимающая семья - 1 местная комната пансион',3),(74,'Студенческая одноместная комната',46),(21,'Принимающая семья - 2 местная комната пансион',3),(22,'Студенческая одноместная комната',4),(23,'Студенческая двухместная комната',4),(75,'Студенческая одноместная комната',47),(25,'Принимающая семья - 1 местная комната пансион',4),(76,'Студенческая двухместная комната',47),(27,'Принимающая семья - 2 местная комната пансион',4),(28,'Студенческая одноместная комната',5),(29,'Студенческая двухместная комната',5),(77,'Студенческая двухместная комната',48),(31,'Принимающая семья - 1 местная комната пансион',5),(78,'Студенческая одноместная комната',48),(33,'Принимающая семья - 2 местная комната пансион',5),(34,'Студенческая одноместная комната',6),(35,'Студенческая двухместная комната',6),(79,'Студенческая одноместная комната',49),(37,'Принимающая семья - 1 местная комната пансион',6),(80,'Студенческая двухместная комната',49),(39,'Принимающая семья - 2 местная комната пансион',6),(40,'Студенческая одноместная комната',7),(41,'Студенческая двухместная комната',7),(85,'Студенческая одноместная комната',50),(43,'Принимающая семья - 1 местная комната пансион',7),(82,'Студенческая одноместная комната',42),(45,'Принимающая семья - 2 местная комната пансион',7),(46,'Студенческая одноместная комната',8),(47,'Студенческая двухместная комната',8),(83,'Студенческая одноместная комната',43),(49,'Принимающая семья - 1 местная комната пансион',8),(86,'Студенческая двухместная комната',50),(51,'Принимающая семья - 2 местная комната пансион',8),(52,'Студенческая одноместная комната',9),(53,'Студенческая двухместная комната',9),(87,'Студенческая одноместная комната',37),(55,'Принимающая семья - 1 местная комната пансион',9),(88,'Студенческая двухместная комната',37),(57,'Принимающая семья - 2 местная комната пансион',9),(58,'Студенческая одноместная комната',10),(59,'Студенческая двухместная комната',10),(89,'Студенческая одноместная комната',38),(61,'Принимающая семья - 1 местная комната пансион',10),(90,'Студенческая двухместная комната',38),(63,'Принимающая семья - 2 местная комната пансион',10),(64,'Принимающая семья - Завтрак',30),(65,'Студенческая одноместная комната',30),(66,'Студенческая одноместная комната',31),(67,'Студенческая одноместная комната',35),(68,'Студенческая двухместная комната',35),(69,'Студенческая одноместная комната',36),(70,'Студенческая двухместная комната',36),(93,'Принимающая семья - 1 местная комната пансион',32),(94,'Принимающая семья - 2 местная комната пансион',32),(95,'Принимающая семья - 2 местная комната пансион',33),(96,'Принимающая семья - 2 местная комната пансион',34),(97,'Принимающая семья - 1 местная комната пансион',34),(98,'Принимающая семья - 1 местная комната пансион',33),(99,'Принимающая семья - 1 местная комната пансион',44),(100,'Принимающая семья - 2 местная комната пансион',44),(101,'Принимающая семья - 2 местная комната пансион',40),(102,'Принимающая семья - 2 местная комната пансион',41),(103,'Принимающая семья - 1 местная комната пансион',41),(104,'Принимающая семья - 1 местная комната пансион',40);
/*!40000 ALTER TABLE `accommodation` ENABLE KEYS */;
UNLOCK TABLES;

--
-- Table structure for table `adm`
--

DROP TABLE IF EXISTS `adm`;
/*!40101 SET @saved_cs_client     = @@character_set_client */;
/*!40101 SET character_set_client = utf8 */;
CREATE TABLE `adm` (
  `login` varchar(255) NOT NULL,
  `pass` varchar(255) NOT NULL
) ENGINE=MyISAM DEFAULT CHARSET=utf8;
/*!40101 SET character_set_client = @saved_cs_client */;

--
-- Dumping data for table `adm`
--

LOCK TABLES `adm` WRITE;
/*!40000 ALTER TABLE `adm` DISABLE KEYS */;
INSERT INTO `adm` VALUES ('admin','czmnys');
/*!40000 ALTER TABLE `adm` ENABLE KEYS */;
UNLOCK TABLES;

--
-- Table structure for table `city`
--

DROP TABLE IF EXISTS `city`;
/*!40101 SET @saved_cs_client     = @@character_set_client */;
/*!40101 SET character_set_client = utf8 */;
CREATE TABLE `city` (
  `id` int(11) NOT NULL AUTO_INCREMENT,
  `name` varchar(255) CHARACTER SET utf8 COLLATE utf8_unicode_ci NOT NULL,
  `idCountry` int(11) NOT NULL,
  PRIMARY KEY (`id`)
) ENGINE=MyISAM AUTO_INCREMENT=51 DEFAULT CHARSET=latin1;
/*!40101 SET character_set_client = @saved_cs_client */;

--
-- Dumping data for table `city`
--

LOCK TABLES `city` WRITE;
/*!40000 ALTER TABLE `city` DISABLE KEYS */;
INSERT INTO `city` VALUES (1,'Аликанте',1),(2,'Барселона',1),(3,'Мадрид',1),(4,'Малага',1),(5,'Марбелья',1),(6,'Севилья',1),(7,'Саламанка',1),(8,'Гранада',1),(9,'Тенерифе',1),(10,'Валенсия',1),(42,'Санто-Доминго',17),(30,'Пальма-де-Майорка',1),(31,'Сан-Себастьян',1),(32,'Гавана',13),(33,'Тринидад',13),(34,'Сантьяго-де-Куба',13),(35,'Буэнос-Айрес',14),(36,'Кордова',14),(37,'Плая-дель-Кармен',15),(38,'Гуанахуато',15),(39,'Оахака',15),(40,'Богота',16),(41,'Картахена',16),(43,'Сосуа',17),(44,'Куско',18),(45,'Сукре',19),(46,'Сантьяго',20),(47,'Яко',21),(48,'Санто-Доминго-де-Эредиа',21),(49,'Кито',22),(50,'Антигуа',23);
/*!40000 ALTER TABLE `city` ENABLE KEYS */;
UNLOCK TABLES;

--
-- Table structure for table `country`
--

DROP TABLE IF EXISTS `country`;
/*!40101 SET @saved_cs_client     = @@character_set_client */;
/*!40101 SET character_set_client = utf8 */;
CREATE TABLE `country` (
  `id` int(11) NOT NULL AUTO_INCREMENT,
  `name` varchar(255) CHARACTER SET utf8 COLLATE utf8_unicode_ci NOT NULL,
  PRIMARY KEY (`id`)
) ENGINE=MyISAM AUTO_INCREMENT=24 DEFAULT CHARSET=latin1;
/*!40101 SET character_set_client = @saved_cs_client */;

--
-- Dumping data for table `country`
--

LOCK TABLES `country` WRITE;
/*!40000 ALTER TABLE `country` DISABLE KEYS */;
INSERT INTO `country` VALUES (1,'Испания'),(13,'Куба'),(14,'Аргентина'),(15,'Мексика'),(16,'Колумбия'),(17,'Доминикана'),(18,'Перу'),(19,'Боливия'),(20,'Чили'),(21,'Коста-Рика'),(22,'Эквадор'),(23,'Гватемала');
/*!40000 ALTER TABLE `country` ENABLE KEYS */;
UNLOCK TABLES;

--
-- Table structure for table `cours`
--

DROP TABLE IF EXISTS `cours`;
/*!40101 SET @saved_cs_client     = @@character_set_client */;
/*!40101 SET character_set_client = utf8 */;
CREATE TABLE `cours` (
  `id` int(11) NOT NULL AUTO_INCREMENT,
  `name` varchar(255) CHARACTER SET utf8 COLLATE utf8_unicode_ci NOT NULL,
  `idCity` int(11) NOT NULL,
  PRIMARY KEY (`id`)
) ENGINE=MyISAM AUTO_INCREMENT=124 DEFAULT CHARSET=latin1;
/*!40101 SET character_set_client = @saved_cs_client */;

--
-- Dumping data for table `cours`
--

LOCK TABLES `cours` WRITE;
/*!40000 ALTER TABLE `cours` DISABLE KEYS */;
INSERT INTO `cours` VALUES (1,'Базовый',10),(2,'Базовый',3),(3,'Интенсив',1),(4,'Интенсив',2),(5,'Интенсив',3),(6,'Интенсив',4),(7,'Интенсив',5),(8,'Интенсив',6),(9,'Интенсив',7),(10,'Интенсив',8),(11,'Интенсив',9),(12,'Интенсив',10),(13,'Летний',10),(103,'Долгосрочный',30),(104,'Базовый',2),(112,'Интенсив',39),(113,'Интенсив',40),(114,'Интенсив',41),(115,'Интенсив',42),(116,'Интенсив',43),(117,'Интенсив',44),(118,'Интенсив',45),(119,'Интенсив',46),(120,'Интенсив',47),(121,'Интенсив',48),(122,'Интенсив',49),(123,'Интенсив',50),(89,'Подготовка к магистратуре',10),(98,'Долгосрочный ',1),(111,'Интенсив',38),(105,'Интенсив',32),(106,'Интенсив',33),(107,'Интенсив',34),(44,'Подготовка к DELE',2),(45,'Подготовка к DELE',3),(46,'Подготовка к DELE',4),(47,'Подготовка к DELE',6),(48,'Подготовка к DELE',7),(49,'Подготовка к DELE',10),(90,'Долгосрочный',2),(91,'Долгосрочный ',3),(92,'Долгосрочный ',10),(93,'Долгосрочный ',8),(94,'Долгосрочный ',7),(95,'Долгосрочный ',6),(96,'Долгосрочный ',5),(97,'Долгосрочный ',4),(60,'Деловой',1),(61,'Деловой',2),(62,'Деловой',3),(63,'Деловой',4),(64,'Деловой',5),(65,'Деловой',6),(66,'Деловой',7),(67,'Деловой',8),(68,'Деловой',9),(69,'Деловой',10),(70,'Детский лагерь',2),(71,'Детский лагерь',3),(72,'Детский лагерь',4),(73,'Детский лагерь',5),(74,'Детский лагерь',7),(75,'Детский лагерь',10),(108,'Интенсив',35),(109,'Интенсив',36),(110,'Интенсив',37),(80,'Для преподавателей',10),(81,'Для преподавателей',3),(82,'Для преподавателей',4),(83,'Для преподавателей',7),(99,'Интенсив',30),(100,'Интенсив',31),(102,'Долгосрочный',31);
/*!40000 ALTER TABLE `cours` ENABLE KEYS */;
UNLOCK TABLES;

--
-- Table structure for table `houraccommodation`
--

DROP TABLE IF EXISTS `houraccommodation`;
/*!40101 SET @saved_cs_client     = @@character_set_client */;
/*!40101 SET character_set_client = utf8 */;
CREATE TABLE `houraccommodation` (
  `id` int(11) NOT NULL AUTO_INCREMENT,
  `cl` int(11) NOT NULL,
  `idAccommodation` int(11) NOT NULL,
  `sum` decimal(22,0) NOT NULL,
  PRIMARY KEY (`id`)
) ENGINE=MyISAM AUTO_INCREMENT=386 DEFAULT CHARSET=latin1;
/*!40101 SET character_set_client = @saved_cs_client */;

--
-- Dumping data for table `houraccommodation`
--

LOCK TABLES `houraccommodation` WRITE;
/*!40000 ALTER TABLE `houraccommodation` DISABLE KEYS */;
INSERT INTO `houraccommodation` VALUES (332,4,89,804),(4,1,4,149),(5,2,4,298),(6,3,4,447),(7,4,4,596),(8,1,5,89),(9,2,5,178),(10,3,5,267),(11,4,5,356),(331,3,89,603),(330,2,89,402),(329,1,89,201),(328,4,90,661),(327,3,90,496),(326,2,90,330),(325,1,90,165),(25,1,13,279),(26,2,13,558),(27,3,13,837),(28,4,13,1116),(317,1,88,183),(318,2,88,366),(319,3,88,549),(320,4,88,732),(33,1,19,279),(34,2,19,478),(35,3,19,717),(36,4,19,956),(37,4,25,996),(38,3,25,747),(39,2,25,498),(40,1,25,249),(41,1,31,249),(42,4,31,996),(43,3,31,747),(44,2,31,498),(45,4,37,876),(46,3,37,657),(47,2,37,438),(48,1,37,219),(49,4,43,756),(50,3,43,567),(51,2,43,378),(52,1,43,189),(53,4,49,756),(54,3,49,567),(55,2,49,378),(56,1,49,189),(61,4,61,840),(62,3,61,630),(63,2,61,420),(64,1,61,210),(261,1,73,210),(262,2,73,420),(263,3,73,629),(264,4,73,839),(265,1,74,344),(266,2,74,688),(267,3,74,1031),(268,4,74,1375),(269,1,72,121),(270,2,72,241),(271,3,72,362),(272,4,72,482),(273,1,71,161),(274,2,71,321),(275,3,71,482),(276,4,71,643),(277,1,76,107),(278,2,76,214),(279,3,76,321),(280,4,76,429),(281,1,75,152),(282,2,75,304),(283,3,75,455),(284,4,75,607),(309,1,86,156),(310,2,86,313),(311,3,86,469),(312,4,86,625),(93,4,14,996),(94,3,14,747),(95,2,14,498),(96,1,14,249),(97,4,21,996),(98,3,21,747),(99,2,21,498),(100,1,21,249),(101,4,27,916),(102,3,27,687),(103,2,27,458),(104,1,27,229),(105,4,33,916),(106,3,33,687),(107,2,33,458),(108,1,33,229),(109,4,39,796),(110,3,39,597),(111,2,39,398),(112,1,39,199),(113,4,45,676),(114,3,45,507),(115,2,45,338),(116,1,45,169),(117,4,51,676),(118,3,51,507),(119,2,51,338),(120,1,51,169),(121,4,63,760),(122,3,63,570),(123,2,63,380),(124,1,63,190),(321,1,87,219),(322,2,87,438),(323,3,87,656),(324,4,87,875),(285,1,77,129),(286,2,77,259),(287,3,77,388),(288,4,77,518),(289,1,78,174),(290,2,78,348),(291,3,78,522),(292,4,78,696),(293,1,80,115),(294,2,80,230),(295,3,80,346),(296,4,80,461),(297,1,79,160),(298,2,79,320),(299,3,79,479),(300,4,79,639),(301,1,82,143),(302,2,82,286),(303,3,82,429),(304,4,82,571),(305,1,83,143),(306,2,83,286),(307,3,83,429),(308,4,83,571),(313,1,85,112),(314,2,85,223),(315,3,85,335),(316,4,85,446),(157,4,11,500),(158,3,11,375),(159,2,11,250),(160,1,11,125),(161,4,17,556),(162,3,17,417),(163,2,17,278),(164,1,17,139),(165,4,23,396),(166,3,23,297),(167,2,23,198),(168,1,23,99),(169,4,29,356),(170,3,29,267),(171,2,29,18),(172,1,29,89),(173,4,35,356),(174,3,35,267),(175,2,35,178),(176,1,35,89),(177,4,41,356),(178,3,41,267),(179,2,41,178),(180,1,41,89),(181,4,47,356),(182,3,47,267),(183,2,47,178),(184,1,47,89),(185,4,59,320),(186,3,59,264),(187,2,59,210),(188,1,59,120),(189,4,10,664),(190,3,10,498),(191,2,10,332),(192,1,10,166),(193,4,16,796),(194,3,16,597),(195,2,16,398),(196,1,16,199),(225,4,52,396),(226,3,52,297),(227,2,52,198),(228,1,52,99),(201,4,22,636),(202,3,22,477),(203,2,22,318),(204,1,22,159),(205,4,28,596),(206,3,28,447),(207,2,28,298),(208,1,28,149),(209,4,34,596),(210,3,34,447),(211,2,34,298),(212,1,34,149),(213,4,40,596),(214,3,40,447),(215,2,40,298),(216,1,40,149),(217,4,46,596),(218,3,46,447),(219,2,46,298),(220,1,46,149),(221,4,58,380),(222,3,58,315),(223,2,58,250),(224,1,58,150),(229,4,53,636),(230,3,53,477),(231,2,53,318),(232,1,53,159),(233,1,64,210),(234,2,64,420),(235,3,64,630),(236,4,64,840),(237,1,65,260),(238,2,65,520),(239,3,65,720),(240,4,65,1040),(241,1,66,135),(242,2,66,270),(243,3,66,405),(244,4,66,540),(245,1,67,295),(246,2,67,589),(247,3,67,884),(248,4,67,1179),(249,1,68,214),(250,2,68,429),(251,3,68,643),(252,4,68,857),(253,1,70,170),(254,2,70,339),(255,3,70,509),(256,4,70,679),(257,1,69,268),(258,2,69,536),(259,3,69,804),(260,4,69,1071),(333,1,91,165),(334,2,91,330),(335,3,91,496),(336,4,91,661),(338,1,92,201),(339,2,92,402),(340,3,92,603),(341,4,92,804),(342,1,93,339),(343,2,93,678),(344,3,93,1017),(345,4,93,1356),(346,1,97,339),(347,2,97,678),(348,3,97,1017),(349,4,97,1356),(350,1,98,339),(351,2,98,678),(352,3,98,1017),(353,4,98,1356),(354,1,94,250),(355,2,94,500),(356,3,94,750),(357,4,94,1000),(358,1,95,250),(359,2,95,500),(360,3,95,750),(361,4,95,1000),(362,1,97,250),(363,2,97,500),(364,3,97,750),(365,4,97,1000),(366,1,99,161),(367,2,99,321),(368,3,99,482),(369,4,99,643),(370,1,104,241),(371,2,104,482),(372,3,104,723),(373,4,104,964),(374,1,103,241),(375,2,103,482),(376,3,103,723),(377,4,103,964),(378,1,101,210),(379,2,101,420),(380,3,101,629),(381,4,101,839),(382,1,102,210),(383,2,102,420),(384,3,102,629),(385,4,102,839);
/*!40000 ALTER TABLE `houraccommodation` ENABLE KEYS */;
UNLOCK TABLES;

--
-- Table structure for table `hours`
--

DROP TABLE IF EXISTS `hours`;
/*!40101 SET @saved_cs_client     = @@character_set_client */;
/*!40101 SET character_set_client = utf8 */;
CREATE TABLE `hours` (
  `id` int(11) NOT NULL AUTO_INCREMENT,
  `cl` int(11) NOT NULL,
  `sum` int(11) NOT NULL,
  `idCours` int(11) NOT NULL,
  PRIMARY KEY (`id`)
) ENGINE=MyISAM AUTO_INCREMENT=181 DEFAULT CHARSET=latin1;
/*!40101 SET character_set_client = @saved_cs_client */;

--
-- Dumping data for table `hours`
--

LOCK TABLES `hours` WRITE;
/*!40000 ALTER TABLE `hours` DISABLE KEYS */;
INSERT INTO `hours` VALUES (1,4,1,1),(2,6,1,1),(3,10,1,1),(4,20,1,12),(5,25,1,12),(6,30,1,12),(7,20,1,13),(176,20,0,120),(175,20,0,121),(10,20,1,49),(137,20,0,90),(12,20,1,69),(13,25,1,69),(14,30,1,69),(15,20,1,75),(16,20,1,80),(17,10,1,2),(18,15,1,5),(19,20,1,5),(20,25,1,5),(21,30,1,5),(174,25,0,119),(173,20,0,118),(24,20,1,45),(138,20,0,91),(26,30,1,62),(27,20,1,71),(152,20,0,105),(29,30,1,81),(30,20,2,3),(31,25,3,3),(32,30,4,3),(150,20,0,103),(172,20,0,117),(171,20,0,116),(139,20,0,92),(37,25,9,60),(38,30,10,60),(156,20,0,107),(129,15,0,4),(41,20,13,4),(42,25,15,4),(43,30,15,4),(149,20,0,102),(170,20,0,115),(169,25,0,114),(47,20,19,44),(140,20,0,93),(49,25,21,61),(50,30,22,61),(51,20,23,70),(153,25,0,105),(53,20,25,6),(54,25,26,6),(55,30,27,6),(151,10,0,104),(168,20,0,114),(167,25,0,113),(59,20,31,46),(142,20,0,94),(61,25,33,63),(62,30,34,63),(63,20,35,72),(135,20,0,48),(157,25,0,107),(132,20,0,7),(131,30,0,82),(130,20,0,89),(154,20,0,106),(70,25,42,64),(71,30,43,64),(72,20,44,73),(166,20,0,113),(165,25,0,112),(143,20,0,95),(76,25,48,66),(77,30,49,66),(78,20,50,9),(79,25,51,9),(80,30,52,9),(81,20,53,74),(82,30,54,83),(158,25,0,108),(164,25,0,111),(85,25,57,67),(86,30,58,67),(163,25,0,110),(88,20,60,10),(89,25,61,10),(90,30,62,10),(144,20,0,96),(147,20,0,99),(148,20,0,100),(94,25,66,11),(95,30,67,11),(162,20,0,112),(159,25,0,109),(98,25,70,68),(99,30,71,68),(145,20,0,97),(161,20,0,111),(160,20,0,110),(134,30,0,7),(146,20,0,98),(155,25,0,106),(106,20,78,47),(107,25,79,65),(108,30,80,65),(109,20,81,8),(110,25,82,8),(111,30,83,8),(133,25,0,7),(177,25,0,121),(178,20,0,122),(179,25,0,122),(180,20,0,123);
/*!40000 ALTER TABLE `hours` ENABLE KEYS */;
UNLOCK TABLES;

--
-- Table structure for table `month`
--

DROP TABLE IF EXISTS `month`;
/*!40101 SET @saved_cs_client     = @@character_set_client */;
/*!40101 SET character_set_client = utf8 */;
CREATE TABLE `month` (
  `id` int(11) NOT NULL AUTO_INCREMENT,
  `cl` int(11) NOT NULL,
  `sum` int(11) NOT NULL,
  `idHours` int(11) NOT NULL,
  PRIMARY KEY (`id`)
) ENGINE=MyISAM AUTO_INCREMENT=3074 DEFAULT CHARSET=latin1;
/*!40101 SET character_set_client = @saved_cs_client */;

--
-- Dumping data for table `month`
--

LOCK TABLES `month` WRITE;
/*!40000 ALTER TABLE `month` DISABLE KEYS */;
INSERT INTO `month` VALUES (1,4,156,1),(2,5,195,1),(3,6,234,1),(4,7,252,1),(5,8,288,1),(6,9,324,1),(7,10,320,1),(2214,11,352,1),(9,12,384,1),(10,13,416,1),(11,14,448,1),(12,15,480,1),(13,16,512,1),(14,17,544,1),(15,18,576,1),(16,19,608,1),(17,20,560,1),(18,21,588,1),(19,22,616,1),(20,23,644,1),(21,24,672,1),(22,25,700,1),(23,26,728,1),(24,27,756,1),(25,28,784,1),(26,29,812,1),(27,30,840,1),(28,31,868,1),(29,32,896,1),(30,33,924,1),(31,34,952,1),(32,35,980,1),(33,36,1008,1),(34,37,1036,1),(35,38,1064,1),(36,39,1092,1),(37,40,1120,1),(38,41,1148,1),(39,42,1176,1),(40,43,1204,1),(41,44,1232,1),(42,45,1260,1),(43,46,1288,1),(44,47,1316,1),(45,48,1344,1),(46,49,1372,1),(47,50,1300,1),(48,51,1326,1),(49,52,1352,1),(50,4,234,2),(51,5,270,2),(52,6,324,2),(53,7,336,2),(54,8,384,2),(55,9,432,2),(56,10,480,2),(57,11,528,2),(58,12,576,2),(59,13,624,2),(60,14,588,2),(61,15,630,2),(62,16,672,2),(63,17,714,2),(64,18,756,2),(65,19,798,2),(66,20,840,2),(67,21,882,2),(68,22,924,2),(69,23,966,2),(70,24,1008,2),(71,25,1050,2),(72,26,1092,2),(73,27,1134,2),(74,28,1176,2),(75,29,1218,2),(76,30,1260,2),(77,31,1302,2),(78,32,1344,2),(79,33,1386,2),(80,34,1326,2),(81,35,1365,2),(82,36,1404,2),(83,37,1443,2),(84,38,1482,2),(85,39,1521,2),(86,40,1560,2),(87,41,1599,2),(88,42,1638,2),(89,43,1677,2),(90,44,1716,2),(91,45,1755,2),(92,46,1794,2),(93,47,1833,2),(94,48,1872,2),(95,49,1911,2),(96,50,1950,2),(97,51,1989,2),(98,52,2028,2),(99,1,98,3),(100,2,195,3),(101,3,270,3),(102,4,320,3),(103,5,400,3),(104,6,480,3),(105,7,560,3),(106,8,560,3),(107,9,630,3),(108,10,700,3),(109,11,770,3),(110,12,840,3),(111,13,910,3),(112,14,980,3),(113,15,1050,3),(114,16,1120,3),(115,17,1190,3),(116,18,1260,3),(117,19,1330,3),(118,20,1300,3),(119,21,1365,3),(120,22,1430,3),(121,23,1495,3),(122,24,1560,3),(123,25,1625,3),(124,26,1690,3),(125,27,1755,3),(126,28,1820,3),(127,29,1885,3),(128,30,1950,3),(129,31,2015,3),(130,32,2080,3),(131,33,2145,3),(132,34,2210,3),(133,35,2275,3),(134,36,2340,3),(135,37,2405,3),(136,38,2470,3),(137,39,2535,3),(138,40,2500,3),(139,41,2563,3),(140,42,2625,3),(141,43,2688,3),(142,44,2750,3),(143,45,2813,3),(144,46,2875,3),(145,47,2938,3),(146,48,3000,3),(147,49,3063,3),(148,50,3125,3),(149,51,3188,3),(150,52,3250,3),(151,1,150,17),(152,2,300,17),(153,3,450,17),(154,4,600,17),(155,5,700,17),(156,6,840,17),(157,7,980,17),(158,8,1120,17),(159,9,1170,17),(160,10,1300,17),(161,11,1430,17),(162,12,1560,17),(163,13,1690,17),(164,14,1820,17),(165,15,1950,17),(166,16,2080,17),(167,17,2210,17),(168,18,2340,17),(169,19,2470,17),(170,20,2600,17),(171,21,2730,17),(172,22,2860,17),(173,23,2990,17),(174,24,3120,17),(175,25,3000,17),(176,26,3120,17),(177,27,3240,17),(178,28,3360,17),(179,29,3480,17),(180,30,3600,17),(181,31,3720,17),(182,32,3840,17),(183,33,3960,17),(184,34,4080,17),(185,35,4200,17),(186,36,3960,17),(187,37,4070,17),(188,38,4180,17),(189,39,4290,17),(190,40,4400,17),(191,41,4510,17),(192,42,4620,17),(193,43,4730,17),(194,44,4840,17),(195,45,4950,17),(196,46,5060,17),(197,47,5170,17),(198,48,5280,17),(199,49,5390,17),(200,50,5500,17),(201,51,5610,17),(202,52,5720,17),(2255,1,195,4),(2256,2,320,4),(2257,3,480,4),(2258,4,560,4),(2259,5,700,4),(2260,6,840,4),(2261,7,980,4),(2262,8,1120,4),(2263,9,1260,4),(2264,10,1300,4),(2265,11,1430,4),(2266,12,1560,4),(2931,2,330,167),(2932,3,455,167),(2933,4,607,167),(2934,5,759,167),(2935,6,911,167),(2936,7,1063,167),(2937,8,1214,167),(2938,9,1366,167),(2939,10,1518,167),(2940,11,1670,167),(2941,12,1714,167),(2942,1,196,170),(2943,2,339,170),(2944,3,482,170),(2945,4,643,170),(2946,5,804,170),(2947,6,964,170),(2948,7,1125,170),(2949,8,1286,170),(2950,9,1446,170),(2951,10,1607,170),(2952,11,1768,170),(2953,12,1929,170),(2954,1,196,171),(2955,2,339,171),(2956,3,482,171),(2957,4,643,171),(2958,5,804,171),(2959,6,964,171),(2960,7,1125,171),(2961,8,1286,171),(2962,9,1446,171),(2963,10,1607,171),(2964,11,1768,171),(2965,12,1929,171),(2966,1,129,172),(2967,2,259,172),(2968,3,388,172),(2969,4,518,172),(2970,5,647,172),(255,1,189,5),(256,2,378,5),(257,3,567,5),(258,4,756,5),(259,5,895,5),(260,6,1074,5),(261,7,1253,5),(262,8,1432,5),(263,9,1611,5),(264,10,1790,5),(265,11,1969,5),(266,12,2028,5),(267,13,2197,5),(268,14,2366,5),(269,15,2535,5),(270,16,2704,5),(271,17,2873,5),(272,18,3042,5),(273,19,3211,5),(274,20,3380,5),(275,21,3549,5),(276,22,3718,5),(277,23,3887,5),(278,24,4056,5),(279,25,4225,5),(280,26,4394,5),(281,27,4563,5),(282,28,4732,5),(283,29,4901,5),(284,30,5070,5),(285,31,5239,5),(286,32,5088,5),(287,33,5247,5),(288,34,5406,5),(289,35,5565,5),(290,36,5724,5),(291,37,5883,5),(292,38,6042,5),(293,39,6201,5),(294,40,6360,5),(295,41,6519,5),(296,42,6678,5),(297,43,6837,5),(298,44,6996,5),(299,45,7155,5),(300,46,7314,5),(301,47,7473,5),(302,48,7632,5),(303,49,7791,5),(304,50,7950,5),(305,51,8109,5),(306,52,8268,5),(307,1,295,6),(308,2,590,6),(309,3,885,6),(310,4,1180,6),(311,5,1425,6),(312,6,1710,6),(313,7,1995,6),(314,8,2280,6),(315,9,2565,6),(316,10,2850,6),(317,11,3135,6),(318,12,3300,6),(319,13,3575,6),(320,14,3850,6),(321,15,4125,6),(322,16,4400,6),(323,17,4675,6),(324,18,4950,6),(325,19,5225,6),(326,20,5500,6),(327,21,5775,6),(328,22,6050,6),(329,23,6325,6),(330,24,6600,6),(331,25,6875,6),(332,26,7150,6),(333,27,7425,6),(334,28,7700,6),(335,29,7975,6),(336,30,8250,6),(337,31,8525,6),(338,32,8480,6),(339,33,8745,6),(340,34,9010,6),(341,35,9275,6),(342,36,9540,6),(343,37,9805,6),(344,38,10070,6),(345,39,10335,6),(346,40,10600,6),(347,41,10865,6),(348,42,11130,6),(349,43,11395,6),(350,44,11660,6),(351,45,11925,6),(352,46,12190,6),(353,47,12455,6),(354,48,12720,6),(355,49,12985,6),(356,50,13250,6),(357,51,13515,6),(358,52,13780,6),(359,1,250,7),(360,2,400,7),(361,3,600,7),(362,4,720,7),(363,5,850,7),(364,6,1020,7),(365,7,1190,7),(366,8,1360,7),(2164,4,516,129),(2165,5,595,129),(2166,6,714,129),(2167,7,833,129),(2168,8,952,129),(2169,9,1071,129),(2973,8,1036,172),(374,4,750,10),(375,8,1350,10),(2467,34,3774,137),(377,1,250,12),(378,2,500,12),(379,3,650,12),(380,4,750,12),(381,1,560,13),(382,2,1120,13),(383,1,710,14),(384,2,1420,14),(385,3,2130,14),(386,4,2840,14),(387,5,3550,14),(388,6,4260,14),(389,7,4970,14),(390,8,5680,14),(391,2,1490,15),(392,4,2690,15),(393,6,4150,15),(394,2,390,16),(395,6,995,16),(2170,10,1190,129),(2171,11,1309,129),(2172,12,1428,129),(2640,1,169,53),(2641,2,338,53),(2642,3,507,53),(2643,4,676,53),(2644,5,795,53),(404,1,560,37),(405,2,1120,37),(2468,35,3885,137),(407,1,710,38),(408,2,1420,38),(409,3,2130,38),(410,4,2840,38),(411,5,3550,38),(412,6,4260,38),(413,7,4970,38),(414,8,5680,38),(2173,13,1547,129),(2174,14,1666,129),(2175,15,1785,129),(418,1,169,30),(419,2,338,30),(420,3,507,30),(421,4,676,30),(422,5,795,30),(423,6,954,30),(424,7,1113,30),(425,8,1272,30),(426,9,1431,30),(427,10,1590,30),(428,11,1749,30),(429,12,1788,30),(2565,36,5004,143),(2566,37,4143,143),(2567,38,5282,143),(2568,39,5421,143),(2569,40,5560,143),(2570,41,5699,143),(2583,34,4726,144),(2572,42,5838,143),(2573,43,5997,143),(2574,44,6116,143),(2575,45,6255,143),(2576,46,6394,143),(2577,47,6533,143),(2578,48,6811,143),(2579,49,6811,143),(2580,50,6950,143),(2581,51,7089,143),(2582,52,7228,143),(2584,35,4865,144),(2585,36,5004,144),(2586,37,5143,144),(2587,38,5282,144),(2588,39,5421,144),(2589,40,5560,144),(2590,41,5699,144),(2591,42,5838,144),(2592,43,5977,144),(2593,44,6116,144),(2594,45,6255,144),(2595,46,6394,144),(2596,47,6533,144),(2597,48,6672,144),(2598,49,6811,144),(2599,50,6950,144),(2600,51,7089,144),(2601,52,7228,144),(2602,34,4726,145),(2603,35,4865,145),(2604,36,5004,145),(2605,37,5143,145),(470,1,189,31),(471,2,378,31),(472,3,567,31),(473,4,756,31),(474,5,895,31),(475,6,1074,31),(476,7,1253,31),(477,8,1432,31),(478,9,1611,31),(479,10,1790,31),(480,11,1969,31),(481,12,2028,31),(482,13,2197,31),(483,14,2366,31),(484,15,2535,31),(485,16,2704,31),(486,17,2873,31),(487,18,3042,31),(488,19,3211,31),(489,20,3380,31),(490,21,3549,31),(491,22,3718,31),(492,23,3887,31),(493,24,4056,31),(494,25,4225,31),(495,26,4394,31),(496,27,4563,31),(497,28,4732,31),(498,29,4901,31),(499,30,5070,31),(500,31,5239,31),(501,32,5088,31),(502,33,5247,31),(503,34,5406,31),(504,35,5565,31),(505,36,5724,31),(506,37,5883,31),(507,38,6042,31),(508,39,6201,31),(509,40,6360,31),(510,41,6519,31),(511,42,6678,31),(512,43,6837,31),(513,44,6996,31),(514,45,7155,31),(515,46,7314,31),(516,47,7473,31),(517,48,7632,31),(518,49,7791,31),(519,50,7950,31),(520,51,8109,31),(521,52,8268,31),(522,1,295,32),(523,2,590,32),(524,3,885,32),(525,4,1180,32),(526,5,1425,32),(527,6,1710,32),(528,7,1995,32),(529,8,2280,32),(530,9,2565,32),(531,10,2850,32),(532,11,3135,32),(533,12,3300,32),(534,13,3575,32),(535,14,3850,32),(536,15,4125,32),(537,16,4400,32),(538,17,4675,32),(539,18,4950,32),(540,19,5225,32),(541,20,5500,32),(542,21,5775,32),(543,22,6050,32),(544,23,6325,32),(545,24,6600,32),(546,25,6875,32),(547,26,7150,32),(548,27,7425,32),(549,28,7700,32),(550,29,7975,32),(551,30,8250,32),(552,31,8525,32),(553,32,8480,32),(554,33,8745,32),(555,34,9010,32),(556,35,9275,32),(557,36,9540,32),(558,37,9805,32),(559,38,10070,32),(560,39,10335,32),(561,40,10600,32),(562,41,10865,32),(563,42,11130,32),(564,43,11395,32),(565,44,11660,32),(566,45,11925,32),(567,46,12190,32),(568,47,12455,32),(569,48,12720,32),(570,49,12985,32),(571,50,13250,32),(572,51,13515,32),(573,52,13780,32),(2655,4,800,147),(575,2,1590,51),(576,4,2850,51),(577,6,4290,51),(578,8,5720,51),(2176,16,1904,129),(2177,17,2023,129),(2178,18,2142,129),(2645,6,954,53),(2646,7,1113,53),(2647,8,1272,53),(2648,9,1431,53),(2649,10,1590,53),(2469,36,3996,137),(2179,19,2261,129),(2180,20,2380,129),(2181,21,2499,129),(591,2,362,47),(592,4,724,47),(2726,1,475,152),(2727,2,950,152),(595,1,560,49),(596,2,1120,49),(597,1,710,50),(598,2,1420,50),(599,3,2130,50),(600,4,2840,50),(601,5,3550,50),(602,6,4260,50),(603,7,4970,50),(604,8,5680,50),(2359,52,7228,132),(2360,1,189,133),(2361,2,378,133),(2362,3,567,133),(2363,4,756,133),(2364,5,895,133),(2365,6,1074,133),(2366,7,1253,133),(2367,8,1432,133),(2368,9,1611,133),(2369,10,1790,133),(2370,11,1969,133),(2371,12,2028,133),(2372,13,2197,133),(2373,14,2366,133),(2374,15,2535,133),(2375,16,2704,133),(2376,17,2873,133),(2377,18,3042,133),(2378,19,3211,133),(2379,20,3380,133),(2380,21,3549,133),(2381,22,3718,133),(2382,23,3887,133),(2383,24,4056,133),(2384,25,4225,133),(2385,26,4394,133),(2386,27,4563,133),(2387,28,4732,133),(2388,29,4901,133),(2389,30,5070,133),(2390,31,5239,133),(2391,32,5088,133),(2392,33,5247,133),(2393,34,5406,133),(2394,35,5565,133),(2395,36,5724,133),(2396,37,5883,133),(2397,38,6042,133),(2398,39,6201,133),(2399,40,6360,133),(2400,41,6519,133),(2401,42,6678,133),(2402,43,6837,133),(2403,44,6996,133),(2404,45,7155,133),(2405,46,7314,133),(2406,47,7473,133),(2407,48,7632,133),(2271,17,2210,4),(2272,18,2340,4),(2273,19,2470,4),(2274,20,2500,4),(2275,21,2625,4),(2276,22,2750,4),(2277,23,2875,4),(2278,24,3000,4),(2279,25,3125,4),(2280,26,3250,4),(2281,27,3375,4),(2282,28,3500,4),(2606,38,5282,145),(2607,39,5421,145),(2608,40,5560,145),(2609,41,5699,145),(2610,42,5838,145),(2611,43,5977,145),(2612,44,6116,145),(2613,45,6255,145),(2614,46,6394,145),(2615,47,6533,145),(2616,48,6672,145),(2617,49,6811,145),(2618,50,6950,145),(2619,51,7089,145),(2620,52,7228,145),(2621,34,4726,146),(2622,35,4865,146),(2623,36,5004,146),(2624,37,5143,146),(2625,38,5282,146),(2626,39,5421,146),(2627,40,5560,146),(2628,41,5699,146),(2629,42,5838,146),(2630,43,5977,146),(2631,44,6116,146),(2632,45,6255,146),(2633,46,6394,146),(2634,47,6533,146),(2635,48,6672,146),(2636,49,6811,146),(2637,50,6950,146),(2638,51,7089,146),(2639,52,7228,146),(2683,41,5248,149),(2684,42,5376,149),(2685,43,5504,149),(2686,44,5632,149),(2687,45,5760,149),(2688,46,5888,149),(706,1,199,42),(707,2,398,42),(708,3,597,42),(709,4,796,42),(710,5,945,42),(711,6,1134,42),(712,7,1323,42),(713,8,1512,42),(714,9,1701,42),(715,10,1890,42),(716,11,2079,42),(717,12,2148,42),(718,13,2327,42),(719,14,2506,42),(720,15,2685,42),(721,16,2864,42),(722,17,3043,42),(723,18,3222,42),(724,19,3401,42),(725,20,3580,42),(726,21,3759,42),(727,22,3938,42),(728,23,4117,42),(729,24,4296,42),(730,25,4475,42),(731,26,4654,42),(732,27,4833,42),(733,28,5012,42),(734,29,5191,42),(735,30,5370,42),(736,31,5549,42),(737,32,5408,42),(738,33,5577,42),(739,34,5746,42),(740,35,5915,42),(741,36,6084,42),(742,37,6253,42),(743,38,6422,42),(744,39,6591,42),(745,40,6760,42),(746,41,6929,42),(747,42,7098,42),(748,43,7267,42),(749,44,7436,42),(750,45,7605,42),(751,46,7774,42),(752,47,7943,42),(753,48,8112,42),(754,49,8281,42),(755,50,8450,42),(756,51,8619,42),(757,52,8788,42),(758,1,305,43),(759,2,610,43),(760,3,915,43),(761,4,1220,43),(762,5,1475,43),(763,6,1770,43),(764,7,2065,43),(765,8,2360,43),(766,9,2655,43),(767,10,2950,43),(768,11,3245,43),(769,12,3420,43),(770,13,3705,43),(771,14,3990,43),(772,15,4275,43),(773,16,4560,43),(774,17,4845,43),(775,18,5130,43),(776,19,5415,43),(777,20,5700,43),(778,21,5985,43),(779,22,6270,43),(780,23,6555,43),(781,24,6840,43),(782,25,7125,43),(783,26,7410,43),(784,27,7695,43),(785,28,7980,43),(786,29,8265,43),(787,30,8550,43),(788,31,8835,43),(789,32,8800,43),(790,33,9075,43),(791,34,9350,43),(792,35,9625,43),(793,36,9900,43),(794,37,10175,43),(795,38,10450,43),(796,39,10725,43),(797,40,11000,43),(798,41,11275,43),(799,42,11550,43),(800,43,11825,43),(801,44,12100,43),(802,45,12375,43),(803,46,12650,43),(804,47,12925,43),(805,48,13200,43),(806,49,13475,43),(807,50,13750,43),(808,51,14025,43),(809,52,14300,43),(2470,37,4107,137),(811,4,516,18),(812,5,595,18),(813,6,714,18),(814,7,833,18),(815,8,952,18),(816,9,1071,18),(817,10,1190,18),(818,11,1309,18),(819,12,1428,18),(820,13,1547,18),(821,14,1666,18),(822,15,1785,18),(823,16,1904,18),(824,17,2023,18),(825,18,2142,18),(826,19,2261,18),(827,20,2380,18),(828,21,2499,18),(829,22,2618,18),(830,23,2737,18),(831,24,2856,18),(832,25,2975,18),(833,26,3094,18),(834,27,3213,18),(835,28,3332,18),(836,29,3451,18),(837,30,3570,18),(838,31,3689,18),(839,32,3808,18),(840,33,3927,18),(841,34,4046,18),(842,35,4165,18),(843,36,4284,18),(844,37,4403,18),(845,38,4522,18),(846,39,4641,18),(847,40,4760,18),(848,41,4879,18),(849,42,4998,18),(850,43,5117,18),(851,44,5236,18),(852,45,5355,18),(853,46,5474,18),(854,47,5593,18),(855,48,5712,18),(856,49,5831,18),(857,50,5950,18),(858,51,6069,18),(859,52,6188,18),(860,1,179,19),(861,2,358,19),(862,3,537,19),(863,4,716,19),(864,5,845,19),(865,6,1014,19),(866,7,1183,19),(867,8,1352,19),(868,9,1521,19),(869,10,1690,19),(870,11,1859,19),(871,12,1908,19),(2689,47,6016,149),(2690,48,6144,149),(2691,49,6272,149),(2692,50,6400,149),(2693,51,6528,149),(2694,52,6656,149),(2695,34,5440,150),(2696,35,5600,150),(2697,36,5760,150),(2698,37,5920,150),(2699,38,6080,150),(2700,39,6240,150),(2701,40,6400,150),(2702,41,6560,150),(2703,42,6090,150),(2704,43,6235,150),(2705,44,6380,150),(2706,45,6525,150),(2707,46,6670,150),(2708,47,6815,150),(2709,48,6960,150),(2710,49,7105,150),(2711,50,7250,150),(2712,51,7395,150),(2713,52,7540,150),(2714,1,79,151),(2715,2,156,151),(2716,3,231,151),(2717,4,304,151),(2718,5,375,151),(2719,6,444,151),(2720,7,518,151),(2721,8,592,151),(2722,9,666,151),(2723,10,740,151),(2724,11,814,151),(2725,12,888,151),(2728,3,1089,152),(2729,4,1228,152),(2730,5,1367,152),(912,1,199,20),(913,2,398,20),(914,3,597,20),(915,4,796,20),(916,5,945,20),(917,6,1134,20),(918,7,1323,20),(919,8,1512,20),(920,9,1701,20),(921,10,1890,20),(922,11,2079,20),(923,12,2148,20),(924,13,2327,20),(925,14,2506,20),(926,15,2685,20),(927,16,2864,20),(928,17,3043,20),(929,18,3222,20),(930,19,3401,20),(931,20,3580,20),(932,21,3759,20),(933,22,3938,20),(934,23,4117,20),(935,24,4296,20),(936,25,4475,20),(937,26,4654,20),(938,27,4833,20),(939,28,5012,20),(940,29,5191,20),(941,30,5370,20),(942,31,5549,20),(943,32,5408,20),(944,33,5577,20),(945,34,5746,20),(946,35,5915,20),(947,36,6084,20),(948,37,6253,20),(949,38,6422,20),(950,39,6591,20),(951,40,6760,20),(952,41,6929,20),(953,42,7098,20),(954,43,7267,20),(955,44,7436,20),(956,45,7605,20),(957,46,7774,20),(958,47,7943,20),(959,48,8112,20),(960,49,8281,20),(961,50,8450,20),(962,51,8619,20),(963,52,8788,20),(964,1,305,21),(965,2,610,21),(966,3,915,21),(967,4,1220,21),(968,5,1475,21),(969,6,1770,21),(970,7,2065,21),(971,8,2360,21),(972,9,2655,21),(973,10,2950,21),(974,11,3245,21),(975,12,3420,21),(976,13,3705,21),(977,14,3990,21),(978,15,4275,21),(979,16,4560,21),(980,17,4845,21),(981,18,5130,21),(982,19,5415,21),(983,20,5700,21),(984,21,5985,21),(985,22,6270,21),(986,23,6555,21),(987,24,6840,21),(988,25,7125,21),(989,26,7410,21),(990,27,7695,21),(991,28,7980,21),(992,29,8265,21),(993,30,8550,21),(994,31,8835,21),(995,32,8800,21),(996,33,9075,21),(997,34,9350,21),(998,35,9625,21),(999,36,9900,21),(1000,37,10175,21),(1001,38,10450,21),(1002,39,10725,21),(1003,40,11000,21),(1004,41,11275,21),(1005,42,11550,21),(1006,43,11825,21),(1007,44,12100,21),(1008,45,12375,21),(1009,46,12650,21),(1010,47,12925,21),(1011,48,13200,21),(1012,49,13475,21),(1013,50,13750,21),(1014,51,14025,21),(1015,52,14300,21),(2182,22,2618,129),(2183,23,2737,129),(2184,24,2856,129),(2185,25,2975,129),(2186,26,3094,129),(2187,27,3213,129),(2307,2,450,131),(2308,1,169,132),(2309,2,338,132),(2310,3,507,132),(2311,4,676,132),(2312,5,795,132),(2313,6,954,132),(2314,7,1113,132),(2315,8,1272,132),(2316,9,1431,132),(2317,10,1590,132),(2318,11,1749,132),(2319,12,1788,132),(2320,13,1937,132),(2321,14,2086,132),(2322,15,2235,132),(2323,16,2384,132),(2324,17,2533,132),(2325,18,2682,132),(2326,19,2831,132),(2327,20,2980,132),(2328,21,3129,132),(2329,22,3278,132),(2330,23,3427,132),(2331,24,3576,132),(2332,25,3725,132),(2333,26,3874,132),(2334,27,4023,132),(2335,28,4172,132),(2336,29,4321,132),(2337,30,4470,132),(2338,31,4619,132),(2339,32,4448,132),(2340,33,4587,132),(2341,34,4726,132),(2342,35,4865,132),(2343,36,5004,132),(2344,37,5143,132),(2345,38,5282,132),(2346,39,5421,132),(2347,40,5560,132),(2348,41,5699,132),(2349,42,5838,132),(2350,43,5977,132),(2351,44,6116,132),(2352,45,6255,132),(2353,46,6394,132),(2354,47,6533,132),(2355,48,6672,132),(2356,49,6811,132),(2357,50,6950,132),(2358,51,7089,132),(1074,2,1490,27),(1075,4,2690,27),(1076,2,450,29),(1077,1,560,26),(1078,2,1120,26),(1079,2,474,24),(1080,4,900,24),(1081,2,1195,28),(1082,4,2395,28),(2682,40,5120,149),(2679,37,4736,149),(2680,38,4864,149),(2681,39,4992,149),(1087,2,490,59),(1088,4,980,59),(1089,2,1490,63),(1090,4,2690,63),(1091,6,4150,63),(2188,28,3332,129),(2189,29,3451,129),(2190,30,3570,129),(2471,38,4218,137),(1096,1,560,61),(1097,2,1120,61),(1098,1,710,62),(1099,2,1420,62),(1100,3,2130,62),(1101,4,2840,62),(1102,5,3550,62),(1103,6,4260,62),(1104,7,4970,62),(1105,8,5680,62),(2464,2,490,135),(2465,4,980,135),(2283,29,3625,4),(2284,30,3501,4),(2285,31,3618,4),(2286,32,3734,4),(2287,33,3851,4),(2288,34,3968,4),(2289,35,4085,4),(2290,36,4201,4),(2291,37,4318,4),(2292,38,4435,4),(2293,39,4551,4),(2294,40,4000,4),(2295,41,4100,4),(2296,42,4200,4),(2297,43,4300,4),(2298,44,4400,4),(2299,45,4500,4),(2300,46,4600,4),(2301,47,4700,4),(2302,48,4800,4),(2303,49,4900,4),(2304,50,5000,4),(2305,51,5100,4),(2306,52,5200,4),(2537,46,6394,140),(2538,47,6533,140),(2539,48,6672,140),(2540,49,6811,140),(2541,50,6950,140),(2542,51,7089,140),(2543,52,7228,140),(2544,34,4726,142),(2545,35,4865,142),(2546,36,5004,142),(2547,37,4143,142),(2548,38,5282,142),(2549,39,5421,142),(2550,40,5560,142),(2551,41,5699,142),(2552,42,5838,142),(2553,43,5997,142),(2554,44,6116,142),(2555,45,6255,142),(2556,46,6394,142),(2557,47,6533,142),(2558,48,6811,142),(2559,49,6811,142),(2560,50,6950,142),(2561,51,7089,142),(2562,52,7228,142),(2563,34,4726,143),(2564,35,4865,143),(1160,1,145,41),(1161,2,264,41),(1162,3,387,41),(1163,4,496,41),(1164,5,605,41),(1165,6,714,41),(1166,7,833,41),(1167,8,952,41),(1168,9,1071,41),(1169,10,1190,41),(1170,11,1309,41),(1171,12,1428,41),(2731,6,1506,152),(2732,7,1645,152),(2733,8,1784,152),(2734,9,1923,152),(2735,10,2062,152),(2736,11,2201,152),(2737,12,2340,152),(2738,1,545,153),(2739,2,1090,153),(2740,3,1265,153),(2741,4,1440,153),(2742,5,1615,153),(2743,6,1790,153),(2744,7,1965,153),(2745,8,2140,153),(2746,9,2315,153),(2747,10,2490,153),(2748,11,2665,153),(2749,12,2840,153),(2750,1,475,154),(2751,2,950,154),(2752,3,1089,154),(2753,4,1228,154),(2754,5,1367,154),(2755,6,1506,154),(2756,7,1645,154),(2757,8,1784,154),(2758,9,1923,154),(2759,10,2062,154),(2760,11,2201,154),(2761,12,2340,154),(2762,1,545,155),(2763,2,1090,155),(2764,3,1265,155),(2765,4,1440,155),(2766,5,1615,155),(2767,6,1790,155),(2768,7,1965,155),(2769,8,2140,155),(2770,9,2315,155),(1212,1,295,55),(1213,2,590,55),(1214,3,885,55),(1215,4,1180,55),(1216,5,1425,55),(1217,6,1710,55),(1218,7,1995,55),(1219,8,2280,55),(1220,9,2565,55),(1221,10,2850,55),(1222,11,3135,55),(1223,12,3300,55),(1224,13,3575,55),(1225,14,3850,55),(1226,15,4125,55),(1227,16,4400,55),(1228,17,4675,55),(1229,18,4950,55),(1230,19,5225,55),(1231,20,5500,55),(1232,21,5775,55),(1233,22,6050,55),(1234,23,6325,55),(1235,24,6600,55),(1236,25,6875,55),(1237,26,7150,55),(1238,27,7425,55),(1239,28,7700,55),(1240,29,7975,55),(1241,30,8250,55),(1242,31,8525,55),(1243,32,8480,55),(1244,33,8745,55),(1245,34,9010,55),(1246,35,9275,55),(1247,36,9540,55),(1248,37,9805,55),(1249,38,10070,55),(1250,39,10335,55),(1251,40,10600,55),(1252,41,10865,55),(1253,42,11130,55),(1254,43,11395,55),(1255,44,11660,55),(1256,45,11925,55),(1257,46,12190,55),(1258,47,12455,55),(1259,48,12720,55),(1260,49,12985,55),(1261,50,13250,55),(1262,51,13515,55),(1263,52,13780,55),(2650,11,1749,53),(2651,12,1788,53),(2656,5,1000,147),(2657,6,1200,147),(2658,7,1330,147),(2652,1,210,147),(2191,31,3689,129),(2192,32,3808,129),(2193,33,3927,129),(2659,8,1520,147),(2660,9,1710,147),(2661,10,1900,147),(2662,11,2090,147),(2663,12,2280,147),(1278,1,560,70),(1279,2,1120,70),(1280,1,710,71),(1281,2,1420,71),(1282,3,2130,71),(1283,4,2840,71),(1284,5,3550,71),(1285,6,4260,71),(1286,7,4970,71),(1287,8,5680,71),(1288,2,1490,72),(1289,4,2690,72),(2972,7,906,172),(2971,6,777,172),(2771,10,2490,155),(1293,1,169,109),(1294,2,338,109),(1295,3,507,109),(1296,4,676,109),(1297,5,795,109),(1298,6,954,109),(1299,7,1113,109),(1300,8,1272,109),(1301,9,1431,109),(1302,10,1590,109),(1303,11,1749,109),(1304,12,1788,109),(2772,11,2665,155),(2773,12,2840,155),(2774,1,475,156),(2775,2,950,156),(2776,3,1089,156),(2777,4,1228,156),(2778,5,1367,156),(2779,6,1506,156),(2780,7,1645,156),(2781,8,1784,156),(2782,9,1923,156),(2783,10,2062,156),(2784,11,2201,156),(2785,12,2340,156),(2786,1,545,157),(2787,2,1090,157),(2788,3,1265,157),(2789,4,1440,157),(2790,5,1615,157),(2791,6,1790,157),(2792,7,1965,157),(2793,8,2140,157),(2794,9,2315,157),(2795,10,2490,157),(2796,11,2665,157),(2797,12,2840,157),(2798,1,219,158),(2799,2,438,158),(2800,3,656,158),(2801,4,875,158),(2802,5,1094,158),(2803,6,1313,158),(2804,7,1531,158),(2805,8,1750,158),(2806,9,1969,158),(2807,10,2009,158),(2808,11,2210,158),(2809,12,2411,158),(2810,1,179,159),(1344,1,189,110),(1345,2,378,110),(1346,3,567,110),(1347,4,756,110),(1348,5,895,110),(1349,6,1074,110),(1350,7,1253,110),(1351,8,1432,110),(1352,9,1611,110),(1353,10,1790,110),(1354,11,1969,110),(1355,12,2028,110),(1356,13,2197,110),(1357,14,2366,110),(1358,15,2535,110),(1359,16,2704,110),(1360,17,2873,110),(1361,18,3042,110),(1362,19,3211,110),(1363,20,3380,110),(1364,21,3549,110),(1365,22,3718,110),(1366,23,3887,110),(1367,24,4056,110),(1368,25,4225,110),(1369,26,4394,110),(1370,27,4563,110),(1371,28,4732,110),(1372,29,4901,110),(1373,30,5070,110),(1374,31,5239,110),(1375,32,5088,110),(1376,33,5247,110),(1377,34,5406,110),(1378,35,5565,110),(1379,36,5724,110),(1380,37,5883,110),(1381,38,6042,110),(1382,39,6201,110),(1383,40,6360,110),(1384,41,6519,110),(1385,42,6678,110),(1386,43,6837,110),(1387,44,6996,110),(1388,45,7155,110),(1389,46,7314,110),(1390,47,7473,110),(1391,48,7632,110),(1392,49,7791,110),(1393,50,7950,110),(1394,51,8109,110),(1395,52,8268,110),(1396,1,295,111),(1397,2,590,111),(1398,3,885,111),(1399,4,1180,111),(1400,5,1425,111),(1401,6,1710,111),(1402,7,1995,111),(1403,8,2280,111),(1404,9,2565,111),(1405,10,2850,111),(1406,11,3135,111),(1407,12,3300,111),(1408,13,3575,111),(1409,14,3850,111),(1410,15,4125,111),(1411,16,4400,111),(1412,17,4675,111),(1413,18,4950,111),(1414,19,5225,111),(1415,20,5500,111),(1416,21,5775,111),(1417,22,6050,111),(1418,23,6325,111),(1419,24,6600,111),(1420,25,6875,111),(1421,26,7150,111),(1422,27,7425,111),(1423,28,7700,111),(1424,29,7975,111),(1425,30,8250,111),(1426,31,8525,111),(1427,32,8480,111),(1428,33,8745,111),(1429,34,9010,111),(1430,35,9275,111),(1431,36,9540,111),(1432,37,9805,111),(1433,38,10070,111),(1434,39,10335,111),(1435,40,10600,111),(1436,41,10865,111),(1437,42,11130,111),(1438,43,11395,111),(1439,44,11660,111),(1440,45,11925,111),(1441,46,12190,111),(1442,47,12455,111),(1443,48,12720,111),(1444,49,12985,111),(1445,50,13250,111),(1446,51,13515,111),(1447,52,13780,111),(2194,34,4046,129),(2195,35,4165,129),(2196,36,4284,129),(2197,37,4403,129),(2198,38,4522,129),(2199,39,4641,129),(2472,39,4329,137),(2408,49,7791,133),(2409,50,7950,133),(2410,51,8109,133),(2411,52,8268,133),(2412,1,295,134),(2413,2,590,134),(2414,3,885,134),(2415,4,1180,134),(2416,5,1425,134),(2417,6,1710,134),(2418,7,1995,134),(2419,8,2280,134),(2811,2,357,159),(2812,3,536,159),(2813,4,714,159),(2814,5,893,159),(2815,6,1071,159),(2816,7,1250,159),(2817,8,1429,159),(2818,9,1607,159),(2819,10,1607,159),(2820,11,1768,159),(2821,12,1929,159),(2822,1,210,160),(2823,2,420,160),(2824,3,629,160),(2825,4,839,160),(2826,5,933,160),(2827,6,1120,160),(2828,7,1306,160),(2829,8,1493,160),(2830,9,1679,160),(2831,10,1866,160),(2832,11,2053,160),(2833,12,2132,160),(2834,1,263,163),(2835,2,527,163),(2836,3,790,163),(2837,4,1054,163),(2838,5,1272,163),(2839,6,1527,163),(2840,7,1781,163),(2841,8,2036,163),(2842,9,2290,163),(2843,10,2545,163),(2844,11,2799,163),(2845,12,2946,163),(2846,1,192,161),(2847,2,384,161),(2848,3,576,161),(2849,4,768,161),(2850,5,871,161),(2420,9,2565,134),(2421,10,2850,134),(2422,11,3135,134),(2423,12,3300,134),(2424,13,3575,134),(2425,14,3850,134),(2426,15,4125,134),(2427,16,4400,134),(2428,17,4675,134),(2429,18,4950,134),(2430,19,5225,134),(2431,20,5500,134),(2432,21,5775,134),(2433,22,6050,134),(2434,23,6325,134),(2435,24,6600,134),(2436,25,6875,134),(2437,26,7150,134),(2438,27,7425,134),(2439,28,7700,134),(2440,29,7975,134),(2441,30,8250,134),(2442,31,8525,134),(2443,32,8480,134),(2444,33,8745,134),(2445,34,9010,134),(2446,35,9275,134),(2447,36,9540,134),(2448,37,9805,134),(2449,38,10070,134),(2450,39,10335,134),(2451,40,10600,134),(2452,41,10865,134),(2453,42,11130,134),(2454,43,11395,134),(2455,44,11660,134),(2456,45,11925,134),(2457,46,12190,134),(2458,47,12455,134),(2459,48,12720,134),(2460,49,12985,134),(2461,50,13250,134),(2462,51,13515,134),(2463,52,13780,134),(2476,43,4773,137),(2477,44,4884,137),(2478,45,4995,137),(2479,46,5106,137),(2480,47,5217,137),(2481,48,5328,137),(2482,49,5439,137),(2483,50,5550,137),(2484,51,5661,137),(2485,52,5772,137),(2486,34,5066,138),(2487,35,5215,138),(2488,36,5364,138),(2489,37,5513,138),(2490,38,5662,138),(2491,39,5811,138),(2492,40,5960,138),(2493,41,6109,138),(2494,42,6258,138),(2495,43,6407,138),(2496,44,6556,138),(2497,45,6705,138),(2498,46,6854,138),(2499,47,7003,138),(2500,48,7152,138),(2501,49,7301,138),(2502,50,7450,138),(2503,51,7599,138),(2504,52,7599,138),(2505,34,3968,139),(2506,35,4085,139),(2525,34,4726,140),(2508,36,4201,139),(2509,37,4318,139),(2510,38,4435,139),(2511,39,4551,139),(2512,40,4000,139),(2513,41,4100,139),(2514,42,4200,139),(2515,43,4300,139),(2516,44,4400,139),(2517,45,4500,139),(2518,46,4600,139),(2519,47,4700,139),(2520,48,4800,139),(2521,49,4900,139),(2522,50,4500,139),(2523,51,4590,139),(2524,52,4212,139),(2526,35,4865,140),(2527,36,5004,140),(2528,37,4143,140),(2529,38,5282,140),(2530,39,5421,140),(2531,40,5560,140),(2532,41,5699,140),(2533,42,5838,140),(2534,43,5997,140),(2535,44,6116,140),(2536,45,6255,140),(1611,1,560,107),(1612,2,1120,107),(1613,1,710,108),(1614,2,1420,108),(1615,3,2130,108),(1616,4,2840,108),(1617,5,3550,108),(1618,6,4260,108),(1619,7,4970,108),(1620,8,5680,108),(1621,2,490,106),(1622,4,980,106),(2664,1,175,148),(2665,2,350,148),(2666,3,525,148),(2667,4,648,148),(2668,5,810,148),(2473,40,4440,137),(2200,40,4760,129),(2201,41,4879,129),(2202,42,4998,129),(2203,43,5117,129),(2204,44,5236,129),(2205,45,5355,129),(1635,1,560,76),(1636,2,1120,76),(1637,1,710,77),(1638,2,1420,77),(1639,3,2130,77),(1640,4,2840,77),(1641,5,3550,77),(1642,6,4260,77),(1643,7,4970,77),(1644,8,5680,77),(1645,1,169,78),(1646,2,338,78),(1647,3,507,78),(1648,4,676,78),(1649,5,795,78),(1650,6,954,78),(1651,7,1113,78),(1652,8,1272,78),(1653,9,1431,78),(1654,10,1590,78),(1655,11,1749,78),(1656,12,1788,78),(2851,6,1045,161),(2852,7,1219,161),(2853,8,1393,161),(2854,9,1567,161),(2855,10,1741,161),(2856,11,1915,161),(2857,12,1982,161),(2858,1,192,162),(2859,2,384,162),(2860,3,576,162),(2861,4,768,162),(2862,5,871,162),(2863,6,1045,162),(2864,7,1219,162),(2865,8,1393,162),(2866,9,1567,162),(2867,10,1741,162),(2868,11,1915,162),(2869,12,1982,162),(2870,1,263,164),(2871,2,527,164),(2872,3,790,164),(2873,4,1054,164),(2874,5,1272,164),(2875,6,1527,164),(2876,7,1781,164),(2877,8,2036,164),(2878,9,2290,164),(2879,10,2545,164),(2880,11,2799,164),(2881,12,2946,164),(2882,1,263,165),(2883,2,527,165),(2884,3,790,165),(2885,4,1054,165),(2886,5,1272,165),(2887,6,1527,165),(2888,7,1781,165),(2889,8,2036,165),(2890,9,2290,165),(1697,1,189,79),(1698,2,378,79),(1699,3,567,79),(1700,4,756,79),(1701,5,895,79),(1702,6,1074,79),(1703,7,1253,79),(1704,8,1432,79),(1705,9,1611,79),(1706,10,1790,79),(1707,11,1969,79),(1708,12,2028,79),(1709,13,2197,79),(1710,14,2366,79),(1711,15,2535,79),(1712,16,2704,79),(1713,17,2873,79),(1714,18,3042,79),(1715,19,3211,79),(1716,20,3380,79),(1717,21,3549,79),(1718,22,3718,79),(1719,23,3887,79),(1720,24,4056,79),(1721,25,4225,79),(1722,26,4394,79),(1723,27,4563,79),(1724,28,4732,79),(1725,29,4901,79),(1726,30,5070,79),(1727,31,5239,79),(1728,32,5088,79),(1729,33,5247,79),(1730,34,5406,79),(1731,35,5565,79),(1732,36,5724,79),(1733,37,5883,79),(1734,38,6042,79),(1735,39,6201,79),(1736,40,6360,79),(1737,41,6519,79),(1738,42,6678,79),(1739,43,6837,79),(1740,44,6996,79),(1741,45,7155,79),(1742,46,7314,79),(1743,47,7473,79),(1744,48,7632,79),(1745,49,7791,79),(1746,50,7950,79),(1747,51,8109,79),(1748,52,8268,79),(1749,1,295,80),(1750,2,590,80),(1751,3,885,80),(1752,4,1180,80),(1753,5,1425,80),(1754,6,1710,80),(1755,7,1995,80),(1756,8,2280,80),(1757,9,2565,80),(1758,10,2850,80),(1759,11,3135,80),(1760,12,3300,80),(1761,13,3575,80),(1762,14,3850,80),(1763,15,4125,80),(1764,16,4400,80),(1765,17,4675,80),(1766,18,4950,80),(1767,19,5225,80),(1768,20,5500,80),(1769,21,5775,80),(1770,22,6050,80),(1771,23,6325,80),(1772,24,6600,80),(1773,25,6875,80),(1774,26,7150,80),(1775,27,7425,80),(1776,28,7700,80),(1777,29,7975,80),(1778,30,8250,80),(1779,31,8525,80),(1780,32,8480,80),(1781,33,8745,80),(1782,34,9010,80),(1783,35,9275,80),(1784,36,9540,80),(1785,37,9805,80),(1786,38,10070,80),(1787,39,10335,80),(1788,40,10600,80),(1789,41,10865,80),(1790,42,11130,80),(1791,43,11395,80),(1792,44,11660,80),(1793,45,11925,80),(1794,46,12190,80),(1795,47,12455,80),(1796,48,12720,80),(1797,49,12985,80),(1798,50,13250,80),(1799,51,13515,80),(1800,52,13780,80),(1801,2,1250,81),(1802,4,2250,81),(1803,6,3375,81),(1804,2,450,82),(2653,2,420,147),(2206,46,5474,129),(2207,47,5593,129),(2208,48,5712,129),(1809,1,560,85),(1810,2,1120,85),(1811,1,710,86),(1812,2,1420,86),(1813,3,2130,86),(1814,4,2840,86),(1815,5,3550,86),(1816,6,4260,86),(1817,7,4970,86),(1818,8,5680,86),(2209,49,5831,129),(2210,50,5950,129),(2267,13,1690,4),(1822,1,169,88),(1823,2,338,88),(1824,3,507,88),(1825,4,676,88),(1826,5,795,88),(1827,6,954,88),(1828,7,1113,88),(1829,8,1272,88),(1830,9,1431,88),(1831,10,1590,88),(1832,11,1749,88),(1833,12,1788,88),(2891,10,2545,165),(2892,11,2799,165),(2893,12,2946,165),(2894,1,156,166),(2895,2,313,166),(2896,3,429,166),(2897,4,571,166),(2898,5,714,166),(2899,6,857,166),(2900,7,1000,166),(2901,8,1143,166),(2902,9,1286,166),(2903,10,1429,166),(2904,11,1571,166),(2905,12,1607,166),(2906,1,156,168),(2907,2,313,168),(2908,3,429,168),(2909,4,571,168),(2910,5,714,168),(2911,6,857,168),(2912,7,1000,168),(2913,8,1143,168),(2914,9,1286,168),(2915,10,1429,168),(2916,11,1571,168),(2917,12,1607,168),(2918,1,165,169),(2919,2,330,169),(2920,3,455,169),(2921,4,607,169),(2922,5,759,169),(2923,6,911,169),(2924,7,1063,169),(2925,8,1214,169),(2926,9,1366,169),(2927,10,1518,169),(2928,11,1670,169),(2929,12,1714,169),(2930,1,165,167),(1874,1,189,89),(1875,2,378,89),(1876,3,567,89),(1877,4,756,89),(1878,5,895,89),(1879,6,1074,89),(1880,7,1253,89),(1881,8,1432,89),(1882,9,1611,89),(1883,10,1790,89),(1884,11,1969,89),(1885,12,2028,89),(1886,13,2197,89),(1887,14,2366,89),(1888,15,2535,89),(1889,16,2704,89),(1890,17,2873,89),(1891,18,3042,89),(1892,19,3211,89),(1893,20,3380,89),(1894,21,3549,89),(1895,22,3718,89),(1896,23,3887,89),(1897,24,4056,89),(1898,25,4225,89),(1899,26,4394,89),(1900,27,4563,89),(1901,28,4732,89),(1902,29,4901,89),(1903,30,5070,89),(1904,31,5239,89),(1905,32,5088,89),(1906,33,5247,89),(1907,34,5406,89),(1908,35,5565,89),(1909,36,5724,89),(1910,37,5883,89),(1911,38,6042,89),(1912,39,6201,89),(1913,40,6360,89),(1914,41,6519,89),(1915,42,6678,89),(1916,43,6837,89),(1917,44,6996,89),(1918,45,7155,89),(1919,46,7314,89),(1920,47,7473,89),(1921,48,7632,89),(1922,49,7791,89),(1923,50,7950,89),(1924,51,8109,89),(1925,52,8268,89),(1926,1,295,90),(1927,2,590,90),(1928,3,885,90),(1929,4,1180,90),(1930,5,1425,90),(1931,6,1710,90),(1932,7,1995,90),(1933,8,2280,90),(1934,9,2565,90),(1935,10,2850,90),(1936,11,3135,90),(1937,12,3300,90),(1938,13,3575,90),(1939,14,3850,90),(1940,15,4125,90),(1941,16,4400,90),(1942,17,4675,90),(1943,18,4950,90),(1944,19,5225,90),(1945,20,5500,90),(1946,21,5775,90),(1947,22,6050,90),(1948,23,6325,90),(1949,24,6600,90),(1950,25,6875,90),(1951,26,7150,90),(1952,27,7425,90),(1953,28,7700,90),(1954,29,7975,90),(1955,30,8250,90),(1956,31,8525,90),(1957,32,8480,90),(1958,33,8745,90),(1959,34,9010,90),(1960,35,9275,90),(1961,36,9540,90),(1962,37,9805,90),(1963,38,10070,90),(1964,39,10335,90),(1965,40,10600,90),(1966,41,10865,90),(1967,42,11130,90),(1968,43,11395,90),(1969,44,11660,90),(1970,45,11925,90),(1971,46,12190,90),(1972,47,12455,90),(1973,48,12720,90),(1974,49,12985,90),(1975,50,13250,90),(1976,51,13515,90),(1977,52,13780,90),(2474,41,4551,137),(2669,6,972,148),(2670,7,1134,148),(2671,8,1184,148),(2672,9,1332,148),(2673,10,1480,148),(2674,11,1628,148),(2675,12,1656,148),(2676,34,4352,149),(2677,35,4480,149),(2678,36,4608,149),(1989,1,215,94),(1990,2,430,94),(1991,3,645,94),(1992,4,860,94),(1993,5,1000,94),(1994,6,1200,94),(1995,7,1400,94),(1996,8,1600,94),(1997,9,1800,94),(1998,10,2000,94),(1999,11,2200,94),(2000,12,2280,94),(2001,13,2470,94),(2002,14,2660,94),(2003,15,2850,94),(2004,16,3040,94),(2005,17,3230,94),(2006,18,3420,94),(2007,19,3610,94),(2008,20,3800,94),(2009,21,3990,94),(2010,22,4180,94),(2011,23,4370,94),(2012,24,4560,94),(2013,25,4750,94),(2014,26,4940,94),(2015,27,5130,94),(2016,28,5320,94),(2017,29,5510,94),(2018,30,5700,94),(2019,31,5890,94),(2020,32,5760,94),(2021,33,5940,94),(2022,34,6120,94),(2023,35,6300,94),(2024,36,6480,94),(2025,37,6660,94),(2026,38,6840,94),(2027,39,7020,94),(2028,40,7200,94),(2029,41,7380,94),(2030,42,7560,94),(2031,43,7740,94),(2032,44,7920,94),(2033,45,8100,94),(2034,46,8280,94),(2035,47,8460,94),(2036,48,8640,94),(2037,49,8820,94),(2038,50,9000,94),(2039,51,9180,94),(2040,52,9360,94),(2041,1,325,95),(2042,2,650,95),(2043,3,975,95),(2044,4,1300,95),(2045,5,1575,95),(2046,6,1890,95),(2047,7,2205,95),(2048,8,2520,95),(2049,9,2835,95),(2050,10,3150,95),(2051,11,3465,95),(2052,12,3660,95),(2053,13,3965,95),(2054,14,4270,95),(2055,15,4575,95),(2056,16,4880,95),(2057,17,5185,95),(2058,18,5490,95),(2059,19,5795,95),(2060,20,6100,95),(2061,21,6405,95),(2062,22,6710,95),(2063,23,7015,95),(2064,24,7320,95),(2065,25,7625,95),(2066,26,7930,95),(2067,27,8235,95),(2068,28,8540,95),(2069,29,8845,95),(2070,30,9150,95),(2071,31,9455,95),(2072,32,9440,95),(2073,33,9735,95),(2074,34,10030,95),(2075,35,10325,95),(2076,36,10620,95),(2077,37,10915,95),(2078,38,11210,95),(2079,39,11505,95),(2080,40,11800,95),(2081,41,12095,95),(2082,42,12390,95),(2083,43,12685,95),(2084,44,12980,95),(2085,45,13275,95),(2086,46,13570,95),(2087,47,13865,95),(2088,48,14160,95),(2089,49,14455,95),(2090,50,14750,95),(2091,51,15045,95),(2092,52,15340,95),(2211,51,6069,129),(2212,52,6188,129),(2213,40,4750,130),(2654,3,600,147),(2097,1,560,98),(2098,2,1120,98),(2099,1,710,99),(2100,2,1420,99),(2101,3,2130,99),(2102,4,2840,99),(2103,5,3550,99),(2104,6,4260,99),(2105,7,4970,99),(2106,8,5680,99),(2475,42,4662,137),(2268,14,1820,4),(2269,15,1950,4),(2270,16,2080,4),(2974,9,1165,172),(2975,10,1295,172),(2976,11,1424,172),(2977,12,1554,172),(2978,1,165,173),(2979,2,330,173),(2980,3,496,173),(2981,4,661,173),(2982,5,826,173),(2983,6,991,173),(2984,7,1156,173),(2985,8,1321,173),(2986,9,1487,173),(2987,10,1652,173),(2988,11,1817,173),(2989,12,1982,173),(2990,1,205,174),(2991,2,411,174),(2992,3,616,174),(2993,4,821,174),(2994,5,1027,174),(2995,6,1232,174),(2996,7,1438,174),(2997,8,1643,174),(2998,9,1848,174),(2999,10,1830,174),(3000,11,2013,174),(3001,12,2196,174),(3002,1,286,176),(3003,2,571,176),(3004,3,857,176),(3005,4,1143,176),(3006,5,1357,176),(3007,6,1629,176),(3008,7,1900,176),(3009,8,2171,176),(3010,9,1929,176),(3011,10,2143,176),(3012,11,2357,176),(3013,12,2571,176),(3014,1,228,175),(3015,2,455,175),(3016,3,683,175),(3017,4,911,175),(3018,5,1022,175),(3019,6,1227,175),(3020,7,1431,175),(3021,8,1636,175),(3022,9,1840,175),(3023,10,2045,175),(3024,11,2249,175),(3025,12,2304,175),(3026,1,326,177),(3027,2,652,177),(3028,3,978,177),(3029,4,1304,177),(3030,5,1585,177),(3031,6,1902,177),(3032,7,2219,177),(3033,8,2536,177),(3034,9,2853,177),(3035,10,3170,177),(3036,11,3487,177),(3037,12,3589,177),(3038,1,165,178),(3039,2,330,178),(3040,3,496,178),(3041,4,661,178),(3042,5,714,178),(3043,6,857,178),(3044,7,1000,178),(3045,8,1143,178),(3046,9,1286,178),(3047,10,1429,178),(3048,11,1571,178),(3049,12,1661,178),(3050,1,254,179),(3051,2,509,179),(3052,3,763,179),(3053,4,1018,179),(3054,5,1183,179),(3055,6,1420,179),(3056,7,1656,179),(3057,8,1893,179),(3058,9,2129,179),(3059,10,2366,179),(3060,11,2603,179),(3061,12,2625,179),(3062,1,103,180),(3063,2,205,180),(3064,3,308,180),(3065,4,366,180),(3066,5,424,180),(3067,6,509,180),(3068,7,594,180),(3069,8,679,180),(3070,9,763,180),(3071,10,848,180),(3072,11,933,180),(3073,12,1018,180);
/*!40000 ALTER TABLE `month` ENABLE KEYS */;
UNLOCK TABLES;

--
-- Dumping routines for database 'u7777_calc'
--
/*!40103 SET TIME_ZONE=@OLD_TIME_ZONE */;

/*!40101 SET SQL_MODE=@OLD_SQL_MODE */;
/*!40014 SET FOREIGN_KEY_CHECKS=@OLD_FOREIGN_KEY_CHECKS */;
/*!40014 SET UNIQUE_CHECKS=@OLD_UNIQUE_CHECKS */;
/*!40101 SET CHARACTER_SET_CLIENT=@OLD_CHARACTER_SET_CLIENT */;
/*!40101 SET CHARACTER_SET_RESULTS=@OLD_CHARACTER_SET_RESULTS */;
/*!40101 SET COLLATION_CONNECTION=@OLD_COLLATION_CONNECTION */;
/*!40111 SET SQL_NOTES=@OLD_SQL_NOTES */;

-- Dump completed on 2018-09-19  9:45:13
